"variable","n_missing","obs_mean","obs_sd","imp_mean","imp_sd","mean_diff","sd_ratio","abs_smd","flag"
"stop_rate_dc",16,0.974,0.836,0.9,0.82,-0.074,0.98,0.089,"✓"
"motivation_1",49,3.316,1.207,3.138,1.217,-0.178,1.009,0.147,"✓"
"motivation_2",49,2.526,1.167,2.389,1.141,-0.137,0.977,0.119,"✓"
"motivation_3",49,2.606,1.242,2.567,1.232,-0.039,0.992,0.032,"✓"
"desires_1",49,2.701,1.12,2.764,1.142,0.063,1.02,0.056,"✓"
"desires_2",50,2.427,0.904,2.369,0.957,-0.058,1.059,0.062,"✓"
"desires_3",49,3.52,1.114,3.511,1.163,-0.009,1.044,0.008,"✓"
"capability_1",50,3.089,1.181,3.214,1.182,0.125,1.001,0.106,"✓"
"capability",50,3.086,1.256,2.906,1.279,-0.181,1.019,0.143,"✓"
"benefit_1",37,3.808,0.932,3.81,0.955,0.001,1.025,0.001,"✓"
"benefit_4",38,4.061,0.756,4.043,0.717,-0.018,0.948,0.025,"✓"
"benefit_5",37,4.103,0.73,4.098,0.699,-0.004,0.958,0.006,"✓"
"benefit_6",38,3.37,1.088,3.435,1.086,0.064,0.998,0.059,"✓"
"benefit_dep",37,3.583,1.084,3.51,1.141,-0.073,1.053,0.066,"✓"
"memory",57,3.215,1.231,3.258,1.26,0.043,1.024,0.034,"✓"
"thinking",58,3.186,1.256,3.239,1.271,0.053,1.012,0.042,"✓"
"activities",58,3.156,1.279,3.219,1.297,0.062,1.014,0.048,"✓"
"socialize",57,3.041,1.303,3.045,1.317,0.004,1.011,0.003,"✓"
"driving",57,3.174,1.371,3.222,1.384,0.048,1.01,0.035,"✓"
"balance",59,3.308,1.24,3.198,1.281,-0.11,1.033,0.087,"✓"
"falls",59,3.204,1.29,3.115,1.331,-0.089,1.032,0.068,"✓"
"indication",59,3.811,1.435,3.504,1.509,-0.307,1.052,0.208,"✓"
"efficacy",59,3.811,1.173,3.485,1.372,-0.326,1.17,0.255,"✓"
"alternative",59,3.879,1.242,3.745,1.367,-0.134,1.1,0.102,"✓"
"inf_soc",59,2.633,1.13,2.567,1.169,-0.066,1.034,0.058,"✓"
"inf_pres",59,3.104,1.108,3.075,1.149,-0.028,1.037,0.025,"✓"
"inf_rphc",59,2.731,1.037,2.681,1.07,-0.049,1.031,0.047,"✓"
"interactions",59,3.139,1.257,3.031,1.331,-0.109,1.059,0.084,"✓"
"dependence",59,3.246,1.156,3.122,1.217,-0.124,1.052,0.104,"✓"
"reduc",60,3.772,1.104,3.54,1.21,-0.232,1.096,0.2,"✓"
"cost",63,2.44,1.077,2.493,1.136,0.053,1.054,0.048,"✓"
"dbas1",59,7.059,2.434,7.263,2.431,0.204,0.999,0.084,"✓"
"dbas_2",59,5.462,3.224,5.018,3.303,-0.443,1.025,0.136,"✓"
"dbas_3",59,7.796,2.429,7.319,2.894,-0.477,1.191,0.179,"✓"
"dbas_4",59,6.79,2.858,6.251,3.173,-0.539,1.11,0.179,"✓"
"dbas_5",59,6.994,2.506,7.062,2.72,0.068,1.085,0.026,"✓"
"dbas_6",59,7.5,2.644,7.053,2.988,-0.447,1.13,0.158,"✓"
"dbas_7",59,6.408,2.78,6.306,3.193,-0.102,1.149,0.034,"✓"
"dbas_8",59,4.331,2.759,4.321,3.043,-0.011,1.103,0.004,"✓"
"dbas_9",59,4.772,2.723,4.997,3.134,0.224,1.151,0.076,"✓"
"dbas_10",59,7.278,2.4,7.252,2.597,-0.027,1.082,0.011,"✓"
"dbas_11",59,5.885,2.679,5.909,2.902,0.025,1.083,0.009,"✓"
"dbas_12",59,6.775,2.587,6.456,2.814,-0.32,1.088,0.118,"✓"
"dbas_13",59,4.506,2.473,4.522,2.597,0.016,1.05,0.006,"✓"
"dbas_14",59,4.828,2.877,4.82,3.193,-0.008,1.11,0.003,"✓"
"dbas_15",59,5.074,3.002,5.067,3.154,-0.007,1.051,0.002,"✓"
"dbas_16",59,3.689,3.049,3.944,3.446,0.255,1.13,0.078,"✓"
"reserved_r",59,2.76,1.309,2.879,1.431,0.119,1.093,0.087,"✓"
"trusting",59,4.124,1.014,4.09,1.107,-0.034,1.091,0.032,"✓"
"lazy_r",59,4.065,1.172,3.868,1.293,-0.197,1.103,0.159,"✓"
"relaxed_r",59,2.929,1.223,3.026,1.29,0.097,1.055,0.078,"✓"
"few_interests_r",59,3.299,1.4,3.161,1.462,-0.138,1.044,0.097,"✓"
"outgoing",59,3.657,1.171,3.561,1.235,-0.095,1.055,0.079,"✓"
"find_fault_r",59,3.568,1.167,3.398,1.218,-0.17,1.044,0.143,"✓"
"thorough",59,4.343,0.848,4.368,0.863,0.025,1.018,0.029,"✓"
"nervous",59,2.876,1.262,2.955,1.365,0.079,1.082,0.06,"✓"
"imagination",59,3.858,1.003,3.817,1.102,-0.041,1.099,0.039,"✓"
"surps1_r",60,2.045,0.637,2.127,0.713,0.082,1.119,0.122,"✓"
"surps2",60,2.246,0.721,2.341,0.789,0.094,1.095,0.125,"✓"
"surps3",60,1.516,0.88,1.575,0.939,0.058,1.068,0.064,"✓"
"surps4_r",60,2.033,0.683,2.095,0.765,0.063,1.12,0.086,"✓"
"surps5",60,2.122,0.715,2.151,0.756,0.03,1.057,0.04,"✓"
"surps6",60,2.763,0.75,2.693,0.796,-0.07,1.061,0.09,"✓"
"surps7_r",60,2.303,0.726,2.383,0.772,0.081,1.063,0.108,"✓"
"surps8",60,3.045,0.724,2.935,0.775,-0.109,1.07,0.146,"✓"
"surps9",61,2.074,0.739,2.103,0.78,0.029,1.055,0.038,"✓"
"surps10",61,2.628,0.718,2.6,0.798,-0.028,1.112,0.037,"✓"
"surps11",61,1.946,0.644,1.9,0.714,-0.046,1.108,0.068,"✓"
"surps12",61,1.75,0.948,1.796,0.975,0.046,1.028,0.048,"✓"
"surps13_r",61,1.699,0.569,1.731,0.603,0.032,1.059,0.054,"✓"
"surps14",61,2.378,0.767,2.407,0.844,0.029,1.101,0.036,"✓"
"surps15",61,2.122,0.765,2.147,0.844,0.025,1.103,0.031,"✓"
"surps16",61,1.533,0.673,1.476,0.651,-0.057,0.968,0.086,"✓"
"surps17",63,1.659,0.777,1.77,0.896,0.111,1.153,0.133,"✓"
"surps18",63,2.512,0.713,2.49,0.764,-0.022,1.072,0.03,"✓"
"surps19",63,2.237,0.943,2.278,0.952,0.042,1.009,0.044,"✓"
"surps20_r",63,2.003,0.54,2.07,0.671,0.067,1.244,0.111,"✓"
"surps21",63,2.503,0.692,2.491,0.764,-0.012,1.103,0.016,"✓"
"surps22",63,1.584,0.642,1.625,0.683,0.042,1.065,0.063,"✓"
"surps23_r",63,2.362,0.729,2.465,0.773,0.102,1.059,0.136,"✓"
"ciss1",63,3.036,1.114,3.048,1.093,0.012,0.981,0.011,"✓"
"ciss2",63,3.988,0.873,3.99,0.87,0.002,0.996,0.003,"✓"
"ciss3",63,2.802,1.111,2.844,1.25,0.041,1.125,0.035,"✓"
"ciss4",63,2.964,1.256,2.998,1.292,0.034,1.029,0.027,"✓"
"ciss5",63,2.844,1.162,2.858,1.265,0.013,1.089,0.011,"✓"
"ciss6",63,3.644,0.928,3.628,0.981,-0.016,1.057,0.017,"✓"
"ciss7",63,3.057,1.198,2.938,1.213,-0.119,1.013,0.099,"✓"
"ciss8",63,3.722,0.909,3.608,1.022,-0.114,1.125,0.118,"✓"
"ciss9",63,2.32,1.171,2.436,1.176,0.116,1.004,0.099,"✓"
"ciss10",63,2.59,1.207,2.601,1.294,0.011,1.072,0.009,"✓"
"ciss11",64,4.006,0.857,3.913,0.961,-0.093,1.121,0.102,"✓"
"ciss12",64,2.676,1.037,2.738,1.106,0.062,1.066,0.058,"✓"
"ciss13",64,3.477,0.838,3.541,0.902,0.063,1.077,0.073,"✓"
"ciss14",64,2.535,1.142,2.587,1.193,0.052,1.044,0.045,"✓"
"ciss15",64,3.186,1.193,3.091,1.238,-0.096,1.038,0.079,"✓"
"ciss16",64,3.802,0.887,3.684,0.964,-0.117,1.087,0.127,"✓"
"ciss17",64,3.511,1.077,3.558,1.124,0.048,1.044,0.043,"✓"
"ciss18",64,2.312,1.148,2.292,1.231,-0.02,1.072,0.017,"✓"
"ciss19",64,3.342,0.939,3.271,1.015,-0.072,1.08,0.073,"✓"
"ciss20",64,2.547,1.062,2.591,1.137,0.045,1.071,0.041,"✓"
"ciss21",64,2.916,1.261,3.016,1.284,0.1,1.018,0.078,"✓"
