"variable","family","effect_type","effect_size","ci_low","ci_high","interpretation","n_continued","n_discontinued","desc_continued","desc_discontinued"
"age","Demographics","Hedges_g",-0.177,-0.4099,0.0553,"Negligible",304,93,"73.56 (6.05)","72.48 (6.11)"
"sex","Demographics","Cramers_V",0.0529,0,0.1511,"Negligible",304,93,"2 levels","2 levels"
"education","Demographics","Cramers_V",0.0969,0,0.1944,"Negligible",304,93,"5 levels","4 levels"
"income","Demographics","Cramers_V",0.0498,0,0.1481,"Negligible",304,93,"5 levels","5 levels"
"employment","Demographics","Cramers_V",0.1017,0.0042,0.1991,"Small",304,93,"4 levels","3 levels"
"driving_freq","Demographics","Cramers_V",0.0379,0,0.1363,"Negligible",304,93,"4 levels","4 levels"
"phq2_score","Clinical","Hedges_g",-0.0223,-0.2546,0.21,"Negligible",304,93,"1.37 (1.55)","1.33 (1.65)"
"osss_3_score","Clinical","Hedges_g",-0.0348,-0.2672,0.1974,"Negligible",304,93,"10.23 (2.24)","10.15 (2.41)"
"gen_health","Clinical","Cramers_V",0.1317,0.0349,0.2285,"Small",304,93,"5 levels","5 levels"
"med_quant","Clinical","Hedges_g",-0.2862,-0.5198,-0.0536,"Small",304,93,"6.68 (4.09)","5.56 (3.33)"
"n_physical_conditions","Clinical","Hedges_g",-0.0542,-0.2866,0.178,"Negligible",304,93,"3.42 (2.26)","3.29 (2.61)"
"n_ment_conditions","Clinical","Hedges_g",-0.0202,-0.2525,0.212,"Negligible",304,93,"0.78 (0.98)","0.76 (0.89)"
"n_sleep_conditions","Clinical","Hedges_g",-0.12,-0.3526,0.1122,"Negligible",304,93,"1.45 (0.67)","1.37 (0.72)"
"n_health_conditions","Clinical","Hedges_g",-0.0755,-0.3079,0.1567,"Negligible",304,93,"5.65 (2.94)","5.42 (3.29)"
"alc_sleep","Sleep_Adverse","Cramers_V",0.0832,0,0.181,"Negligible",304,93,"5 levels","4 levels"
"can_sleep","Sleep_Adverse","Cramers_V",0.0408,0,0.1392,"Negligible",304,93,"5 levels","5 levels"
"melatonin_use","Sleep_Adverse","Cramers_V",0.1431,0.0466,0.2396,"Small",304,93,"5 levels","5 levels"
"op_sleep","Sleep_Adverse","Cramers_V",0.0741,0,0.1721,"Negligible",304,93,"4 levels","1 levels"
"side_effects_1","Sleep_Adverse","Hedges_g",0.3469,0.114,0.581,"Small",304,93,"2.47 (1.16)","2.89 (1.38)"
"side_effects_2","Sleep_Adverse","Hedges_g",0.1573,-0.0749,0.3901,"Negligible",304,93,"2.31 (1.22)","2.51 (1.33)"
"side_effects_3","Sleep_Adverse","Hedges_g",0.0752,-0.1569,0.3077,"Negligible",304,93,"1.87 (1.25)","1.97 (1.34)"
"side_effects_4","Sleep_Adverse","Hedges_g",0.0134,-0.2188,0.2457,"Negligible",304,93,"2.96 (1.04)","2.98 (1.24)"
"safety_1","Sleep_Adverse","Hedges_g",0.1729,-0.0593,0.4058,"Negligible",304,93,"2.24 (1.17)","2.45 (1.38)"
"safety_2","Sleep_Adverse","Hedges_g",-0.1128,-0.3454,0.1194,"Negligible",304,93,"3.19 (1.14)","3.05 (1.31)"
"safety_3","Sleep_Adverse","Hedges_g",-0.0722,-0.3047,0.1599,"Negligible",304,93,"1.87 (1.20)","1.78 (1.21)"
"safety_4","Sleep_Adverse","Hedges_g",0.0226,-0.2096,0.2549,"Negligible",304,93,"3.13 (1.46)","3.16 (1.45)"
"adls_1","Sleep_Adverse","Hedges_g",0.2567,0.0243,0.4902,"Small",304,93,"2.15 (1.27)","2.48 (1.38)"
"adls_2","Sleep_Adverse","Hedges_g",0.2983,0.0656,0.532,"Small",304,93,"2.08 (1.27)","2.47 (1.46)"
"dependence_1","Sleep_Adverse","Hedges_g",-0.1994,-0.4325,0.0329,"Negligible",304,93,"3.53 (1.21)","3.28 (1.31)"
"dependence_2","Sleep_Adverse","Hedges_g",-0.2332,-0.4665,-8e-04,"Small",304,93,"3.41 (1.20)","3.13 (1.24)"
"dependence_3","Sleep_Adverse","Hedges_g",-0.0283,-0.2606,0.2039,"Negligible",304,93,"3.08 (1.27)","3.04 (1.24)"
"stop_wdl_exp_combined","Sleep_Adverse","Cramers_V",0.5251,0.4538,0.5964,"Large",304,93,"6 levels","4 levels"
"wdl_symptom_count","Sleep_Adverse","Hedges_g",-1.0567,-1.3024,-0.815,"Large",304,93,"1.18 (0.99)","0.22 (0.61)"
"motivation_1","Behavioural","Hedges_g",-0.3947,-0.6293,-0.1615,"Small",304,93,"3.29 (1.22)","2.81 (1.25)"
"motivation_2","Behavioural","Hedges_g",-0.3025,-0.5363,-0.0698,"Small",304,93,"2.51 (1.19)","2.16 (1.07)"
"motivation_3","Behavioural","Hedges_g",0.139,-0.0932,0.3718,"Negligible",304,93,"2.70 (1.28)","2.88 (1.37)"
"desires_1","Behavioural","Hedges_g",0.2837,0.0511,0.5173,"Small",304,93,"2.59 (1.13)","2.91 (1.20)"
"desires_2","Behavioural","Hedges_g",0.1451,-0.0871,0.3778,"Negligible",304,93,"2.49 (0.95)","2.63 (1.02)"
"desires_3","Behavioural","Hedges_g",0.2649,0.0324,0.4984,"Small",304,93,"3.60 (1.13)","3.90 (1.15)"
"capability_1","Behavioural","Hedges_g",0.599,0.3641,0.8361,"Medium",304,93,"2.96 (1.14)","3.66 (1.24)"
"capability","Behavioural","Hedges_g",-0.603,-0.8402,-0.3681,"Medium",304,93,"3.35 (1.22)","2.59 (1.33)"
"BFI_Extraversion","Personality","Hedges_g",0.3085,0.0758,0.5423,"Small",304,93,"3.15 (1.03)","3.47 (1.07)"
"BFI_Agreeableness","Personality","Hedges_g",0.1181,-0.1141,0.3507,"Negligible",304,93,"3.69 (0.91)","3.80 (0.88)"
"BFI_Conscientiousness","Personality","Hedges_g",0.0096,-0.2227,0.2418,"Negligible",304,93,"4.09 (0.89)","4.10 (0.85)"
"BFI_Neuroticism","Personality","Hedges_g",0.0686,-0.1636,0.301,"Negligible",304,93,"2.90 (1.04)","2.97 (0.95)"
"BFI_Openness","Personality","Hedges_g",0.1832,-0.0491,0.4161,"Negligible",304,93,"3.48 (0.90)","3.65 (0.97)"
"SURPS_Impulsivity","Personality","Hedges_g",0.0795,-0.1527,0.312,"Negligible",304,93,"2.08 (0.53)","2.12 (0.52)"
"SURPS_Sensation_Seeking","Personality","Hedges_g",0.0821,-0.15,0.3146,"Negligible",304,93,"1.95 (0.53)","1.99 (0.54)"
"SURPS_Hopelessness","Personality","Hedges_g",-0.0573,-0.2898,0.1748,"Negligible",304,93,"2.08 (0.49)","2.05 (0.54)"
"SURPS_Anxiety_Sensitivity","Personality","Hedges_g",-0.1151,-0.3478,0.117,"Negligible",304,93,"2.59 (0.49)","2.53 (0.53)"
"DBAS_Consequences","Personality","Hedges_g",-0.1058,-0.3383,0.1264,"Negligible",304,93,"5.81 (2.09)","5.58 (2.12)"
"DBAS_Worry_Helplessness","Personality","Hedges_g",-0.1409,-0.3736,0.0913,"Negligible",304,93,"6.10 (1.82)","5.85 (1.79)"
"DBAS_Expectations","Personality","Hedges_g",0.0016,-0.2307,0.2338,"Negligible",304,93,"6.26 (2.32)","6.26 (2.18)"
"DBAS_Medications","Personality","Hedges_g",-0.7733,-1.0133,-0.5363,"Medium",304,93,"5.87 (1.82)","4.40 (2.17)"
"CISS_Task","Personality","Hedges_g",-0.0642,-0.2966,0.168,"Negligible",304,93,"3.70 (0.66)","3.66 (0.63)"
"CISS_Emotion","Personality","Hedges_g",-0.1568,-0.3896,0.0754,"Negligible",304,93,"2.94 (0.87)","2.81 (0.87)"
"CISS_Avoidance","Personality","Hedges_g",0.0491,-0.1831,0.2815,"Negligible",304,93,"2.80 (0.75)","2.84 (0.74)"
