"","level","Overall","0","1","p","test","SMD"
"n","","  397","  304","   93","","",""
"age (mean (SD))","","73.31 (6.07)","73.56 (6.05)","72.48 (6.11)"," 0.135",""," 0.177"
"sex (%)","Female","  255 (64.2) ","  191 (62.8) ","   64 (68.8) "," 0.352",""," 0.127"
"","Male","  142 (35.8) ","  113 (37.2) ","   29 (31.2) ","","",""
"education (%)","High School or Less","   84 (21.2) ","   69 (22.7) ","   15 (16.1) "," 0.225",""," 0.167"
"","Trade School/University Degree","  313 (78.8) ","  235 (77.3) ","   78 (83.9) ","","",""
"income (%)","$15,000 or less","    3 ( 0.8) ","    2 ( 0.7) ","    1 ( 1.1) "," 0.912",""," 0.116"
"","$15,000 to $30,000","   45 (11.3) ","   35 (11.5) ","   10 (10.8) ","","",""
"","$30,000 to $50,000","   73 (18.4) ","   55 (18.1) ","   18 (19.4) ","","",""
"","$50,000 to $80,000","  104 (26.2) ","   77 (25.3) ","   27 (29.0) ","","",""
"","$80,000 or more","  172 (43.3) ","  135 (44.4) ","   37 (39.8) ","","",""
"employment (%)","Full- or Part-Time Work","   29 ( 7.3) ","   20 ( 6.6) ","    9 ( 9.7) "," 0.437",""," 0.114"
"","Not in Workforce","  368 (92.7) ","  284 (93.4) ","   84 (90.3) ","","",""
"driving_freq (%)","Do not drive","   22 ( 5.5) ","   17 ( 5.6) ","    5 ( 5.4) "," 0.903",""," 0.090"
"","Less than 1 day/week","   35 ( 8.8) ","   26 ( 8.6) ","    9 ( 9.7) ","","",""
"","1-3 days/week","  114 (28.7) ","   90 (29.6) ","   24 (25.8) ","","",""
"","4-7 days/week","  226 (56.9) ","  171 (56.2) ","   55 (59.1) ","","",""
"phq2_score (mean (SD))",""," 1.36 (1.57)"," 1.37 (1.55)"," 1.33 (1.65)"," 0.851",""," 0.022"
"osss_3_score (mean (SD))","","10.21 (2.28)","10.23 (2.24)","10.15 (2.41)"," 0.769",""," 0.034"
"med_quant (mean (SD))",""," 6.42 (3.95)"," 6.68 (4.09)"," 5.56 (3.33)"," 0.016",""," 0.302"
"n_physical_conditions (mean (SD))",""," 3.39 (2.35)"," 3.42 (2.26)"," 3.29 (2.61)"," 0.647",""," 0.052"
"n_ment_conditions (mean (SD))",""," 0.78 (0.96)"," 0.78 (0.98)"," 0.76 (0.89)"," 0.864",""," 0.021"
"n_sleep_conditions (mean (SD))",""," 1.43 (0.68)"," 1.45 (0.67)"," 1.37 (0.72)"," 0.311",""," 0.118"
"n_health_conditions (mean (SD))",""," 5.59 (3.02)"," 5.65 (2.94)"," 5.42 (3.29)"," 0.524",""," 0.073"
"alc_sleep (%)","Less than 1 day/week","    3 (15.0) ","    3 (20.0) ","    0 ( 0.0) "," 0.457",""," 0.957"
"","1-3 days/week","    7 (35.0) ","    5 (33.3) ","    2 (40.0) ","","",""
"","4-6 days/week","    4 (20.0) ","    2 (13.3) ","    2 (40.0) ","","",""
"","7 days/week","    6 (30.0) ","    5 (33.3) ","    1 (20.0) ","","",""
"can_sleep (%)","Less than 1 day/week","   20 (37.7) ","   14 (35.0) ","    6 (46.2) "," 0.896",""," 0.249"
"","1-3 days/week","    8 (15.1) ","    6 (15.0) ","    2 (15.4) ","","",""
"","4-6 days/week","    5 ( 9.4) ","    4 (10.0) ","    1 ( 7.7) ","","",""
"","7 days/week","   20 (37.7) ","   16 (40.0) ","    4 (30.8) ","","",""
"melatonin_use (%)","Less than 1 day/week","   28 (29.5) ","   19 (29.7) ","    9 (29.0) "," 0.611",""," 0.314"
"","1-3 days/week","   12 (12.6) ","   10 (15.6) ","    2 ( 6.5) ","","",""
"","4-6 days/week","   18 (18.9) ","   11 (17.2) ","    7 (22.6) ","","",""
"","7 days/week","   37 (38.9) ","   24 (37.5) ","   13 (41.9) ","","",""
"op_sleep (%)","Less than 1 day/week","    2 (28.6) ","    2 (28.6) ","    0 ( NaN) ","   NaN","","   NaN"
"","1-3 days/week","    2 (28.6) ","    2 (28.6) ","    0 ( NaN) ","","",""
"","7 days/week","    3 (42.9) ","    3 (42.9) ","    0 ( NaN) ","","",""
"side_effects_1 (mean (SD))",""," 2.57 (1.23)"," 2.47 (1.16)"," 2.89 (1.38)"," 0.004",""," 0.331"
"side_effects_2 (mean (SD))",""," 2.36 (1.25)"," 2.31 (1.22)"," 2.51 (1.33)"," 0.184",""," 0.154"
"side_effects_3 (mean (SD))",""," 1.89 (1.27)"," 1.87 (1.25)"," 1.97 (1.34)"," 0.525",""," 0.074"
"side_effects_4 (mean (SD))",""," 2.97 (1.09)"," 2.96 (1.04)"," 2.98 (1.24)"," 0.910",""," 0.013"
"safety_1 (mean (SD))",""," 2.29 (1.22)"," 2.24 (1.17)"," 2.45 (1.38)"," 0.145",""," 0.165"
"safety_2 (mean (SD))",""," 3.16 (1.18)"," 3.19 (1.14)"," 3.05 (1.31)"," 0.341",""," 0.109"
"safety_3 (mean (SD))",""," 1.85 (1.20)"," 1.87 (1.20)"," 1.78 (1.21)"," 0.542",""," 0.072"
"safety_4 (mean (SD))",""," 3.14 (1.46)"," 3.13 (1.46)"," 3.16 (1.45)"," 0.849",""," 0.023"
"adls_1 (mean (SD))",""," 2.23 (1.30)"," 2.15 (1.27)"," 2.48 (1.38)"," 0.031",""," 0.251"
"adls_2 (mean (SD))",""," 2.17 (1.33)"," 2.08 (1.27)"," 2.47 (1.46)"," 0.012",""," 0.287"
"dependence_1 (mean (SD))",""," 3.47 (1.24)"," 3.53 (1.21)"," 3.28 (1.31)"," 0.093",""," 0.195"
"dependence_2 (mean (SD))",""," 3.35 (1.21)"," 3.41 (1.20)"," 3.13 (1.24)"," 0.049",""," 0.232"
"dependence_3 (mean (SD))",""," 3.07 (1.27)"," 3.08 (1.27)"," 3.04 (1.24)"," 0.811",""," 0.029"
"stop_wdl_exp_combined (%)","No withdrawal","  162 (40.8) ","   81 (26.6) ","   81 (87.1) ","<0.001",""," 1.578"
"","Insomnia only","  123 (31.0) ","  119 (39.1) ","    4 ( 4.3) ","","",""
"","Anxiety only","    3 ( 0.8) ","    2 ( 0.7) ","    1 ( 1.1) ","","",""
"","Other MH symptoms only","    1 ( 0.3) ","    1 ( 0.3) ","    0 ( 0.0) ","","",""
"","Physical symptoms only","    1 ( 0.3) ","    1 ( 0.3) ","    0 ( 0.0) ","","",""
"","Multiple symptoms","  107 (27.0) ","  100 (32.9) ","    7 ( 7.5) ","","",""
"wdl_symptom_count (mean (SD))",""," 0.95 (1.00)"," 1.18 (0.99)"," 0.22 (0.61)","<0.001",""," 1.180"
"motivation_1 (mean (SD))",""," 3.18 (1.25)"," 3.29 (1.22)"," 2.81 (1.25)"," 0.001",""," 0.393"
"motivation_2 (mean (SD))",""," 2.43 (1.17)"," 2.51 (1.19)"," 2.16 (1.07)"," 0.011",""," 0.312"
"motivation_3 (mean (SD))",""," 2.74 (1.30)"," 2.70 (1.28)"," 2.88 (1.37)"," 0.241",""," 0.137"
"desires_1 (mean (SD))",""," 2.66 (1.15)"," 2.59 (1.13)"," 2.91 (1.20)"," 0.017",""," 0.279"
"desires_2 (mean (SD))",""," 2.53 (0.97)"," 2.49 (0.95)"," 2.63 (1.02)"," 0.221",""," 0.143"
"desires_3 (mean (SD))",""," 3.67 (1.14)"," 3.60 (1.13)"," 3.90 (1.15)"," 0.026",""," 0.264"
"capability_1 (mean (SD))",""," 3.12 (1.20)"," 2.96 (1.14)"," 3.66 (1.24)","<0.001",""," 0.587"
"capability (mean (SD))",""," 3.17 (1.29)"," 3.35 (1.22)"," 2.59 (1.33)","<0.001",""," 0.591"
"BFI_Extraversion (mean (SD))",""," 3.23 (1.04)"," 3.15 (1.03)"," 3.47 (1.07)"," 0.009",""," 0.306"
"BFI_Agreeableness (mean (SD))",""," 3.71 (0.90)"," 3.69 (0.91)"," 3.80 (0.88)"," 0.319",""," 0.119"
"BFI_Conscientiousness (mean (SD))",""," 4.10 (0.88)"," 4.09 (0.89)"," 4.10 (0.85)"," 0.936",""," 0.010"
"BFI_Neuroticism (mean (SD))",""," 2.92 (1.02)"," 2.90 (1.04)"," 2.97 (0.95)"," 0.562",""," 0.070"
"BFI_Openness (mean (SD))",""," 3.52 (0.92)"," 3.48 (0.90)"," 3.65 (0.97)"," 0.122",""," 0.180"
"SURPS_Impulsivity (mean (SD))",""," 2.09 (0.53)"," 2.08 (0.53)"," 2.12 (0.52)"," 0.502",""," 0.080"
"SURPS_Sensation_Seeking (mean (SD))",""," 1.96 (0.53)"," 1.95 (0.53)"," 1.99 (0.54)"," 0.488",""," 0.082"
"SURPS_Hopelessness (mean (SD))",""," 2.07 (0.50)"," 2.08 (0.49)"," 2.05 (0.54)"," 0.628",""," 0.056"
"SURPS_Anxiety_Sensitivity (mean (SD))",""," 2.58 (0.50)"," 2.59 (0.49)"," 2.53 (0.53)"," 0.331",""," 0.113"
"DBAS_Consequences (mean (SD))",""," 5.76 (2.10)"," 5.81 (2.09)"," 5.58 (2.12)"," 0.372",""," 0.106"
"DBAS_Worry_Helplessness (mean (SD))",""," 6.04 (1.81)"," 6.10 (1.82)"," 5.85 (1.79)"," 0.234",""," 0.142"
"DBAS_Expectations (mean (SD))",""," 6.26 (2.29)"," 6.26 (2.32)"," 6.26 (2.18)"," 0.989",""," 0.002"
"DBAS_Medications (mean (SD))",""," 5.53 (2.00)"," 5.87 (1.82)"," 4.40 (2.17)","<0.001",""," 0.737"
"CISS_Task (mean (SD))",""," 3.69 (0.66)"," 3.70 (0.66)"," 3.66 (0.63)"," 0.588",""," 0.065"
"CISS_Emotion (mean (SD))",""," 2.91 (0.87)"," 2.94 (0.87)"," 2.81 (0.87)"," 0.186",""," 0.157"
"CISS_Avoidance (mean (SD))",""," 2.81 (0.75)"," 2.80 (0.75)"," 2.84 (0.74)"," 0.678",""," 0.049"
