"Variable","Domain","Mean_Importance","Thres_Count","Interp_Count","Pred_Count","Majority_Thres","Majority_Interp","Majority_Pred"
"age","Demographics",0.0250563851841037,24,0,0,TRUE,FALSE,FALSE
"sex","Demographics",0.0178661288743676,1,0,0,FALSE,FALSE,FALSE
"education","Demographics",0.00894111854829222,0,0,0,FALSE,FALSE,FALSE
"income","Demographics",0.00674494035311034,0,0,0,FALSE,FALSE,FALSE
"employment","Demographics",0.00589032002022424,0,0,0,FALSE,FALSE,FALSE
"driving_freq","Demographics",0.00512507523037628,2,0,0,FALSE,FALSE,FALSE
"phq2_score","Clinical",0.00447270787342706,25,0,0,TRUE,FALSE,FALSE
"osss_3_score","Clinical",0.00406015037096139,15,0,0,TRUE,FALSE,FALSE
"gen_health","Clinical",0.00371101996700073,1,0,0,FALSE,FALSE,FALSE
"med_quant","Clinical",0.00343968039850048,25,0,0,TRUE,FALSE,FALSE
"n_physical_conditions","Clinical",0.00319595396088904,19,0,0,TRUE,FALSE,FALSE
"n_ment_conditions","Clinical",0.00289599182617598,24,0,0,TRUE,FALSE,FALSE
"n_sleep_conditions","Clinical",0.0026303428843892,2,0,0,FALSE,FALSE,FALSE
"n_health_conditions","Clinical",0.00238026719262065,25,0,0,TRUE,FALSE,FALSE
"bzra_daily_diazepam_eq","Clinical",0.00212153902682888,25,17,1,TRUE,TRUE,FALSE
"c_lengthofuse","Clinical",0.00195917222150902,25,18,0,TRUE,TRUE,FALSE
"med_burden_1","Clinical",0.00181553336882712,25,0,0,TRUE,FALSE,FALSE
"med_burden2","Clinical",0.00162023577772356,4,0,0,FALSE,FALSE,FALSE
"medburden_3","Clinical",0.00151175799620953,25,0,0,TRUE,FALSE,FALSE
"med_burden_4","Clinical",0.00142146422568635,6,0,0,FALSE,FALSE,FALSE
"benefit_1","Clinical",0.00134192080186726,4,0,0,FALSE,FALSE,FALSE
"benefit_4","Clinical",0.00123571906903705,6,0,0,FALSE,FALSE,FALSE
"benefit_5","Clinical",0.00116103260792511,7,0,0,FALSE,FALSE,FALSE
"benefit_6","Clinical",0.00105954257878917,16,0,0,TRUE,FALSE,FALSE
"benefit_dep","Clinical",0.00098242715126767,3,0,0,FALSE,FALSE,FALSE
"stop_rate_dc","Clinical",0.000942744619672526,1,0,0,FALSE,FALSE,FALSE
"memory","Clinical",0.000890541722771128,25,18,1,TRUE,TRUE,FALSE
"thinking","Clinical",0.000841550182554695,25,19,1,TRUE,TRUE,FALSE
"activities","Clinical",0.000793093160624937,25,19,1,TRUE,TRUE,FALSE
"socialize","Clinical",0.000761816910627347,25,18,4,TRUE,TRUE,FALSE
"driving","Clinical",0.000714335785137229,25,20,0,TRUE,TRUE,FALSE
"balance","Clinical",0.000682073332589848,25,19,1,TRUE,TRUE,FALSE
"falls","Clinical",0.000636067789333391,25,20,1,TRUE,TRUE,FALSE
"indication","Clinical",0.000590075527626696,25,25,24,TRUE,TRUE,TRUE
"efficacy","Clinical",0.000564403393681872,25,19,0,TRUE,TRUE,FALSE
"alternative","Clinical",0.000529000257571695,25,18,0,TRUE,TRUE,FALSE
"inf_soc","Clinical",0.000503145336590285,25,20,2,TRUE,TRUE,FALSE
"inf_pres","Clinical",0.000483261074753778,25,8,0,TRUE,FALSE,FALSE
"inf_rphc","Clinical",0.000457960820394727,25,1,0,TRUE,FALSE,FALSE
"interactions","Clinical",0.000429836977849159,25,20,5,TRUE,TRUE,FALSE
"dependence","Clinical",0.000409261348470677,10,0,0,FALSE,FALSE,FALSE
"reduc","Clinical",0.000383914402298108,21,0,0,TRUE,FALSE,FALSE
"cost","Clinical",0.000365405957359056,25,2,0,TRUE,FALSE,FALSE
"alc_sleep","Sleep_Adverse",0.000348730455772688,3,0,0,FALSE,FALSE,FALSE
"can_sleep","Sleep_Adverse",0.000336717296910215,3,0,0,FALSE,FALSE,FALSE
"melatonin_use","Sleep_Adverse",0.0003113187259721,10,0,0,FALSE,FALSE,FALSE
"op_sleep","Sleep_Adverse",0.000294108677489032,0,0,0,FALSE,FALSE,FALSE
"side_effects_1","Sleep_Adverse",0.000279358322698424,25,4,0,TRUE,FALSE,FALSE
"side_effects_2","Sleep_Adverse",0.000254900288167966,25,9,0,TRUE,FALSE,FALSE
"side_effects_3","Sleep_Adverse",0.000240252577606108,23,0,0,TRUE,FALSE,FALSE
"side_effects_4","Sleep_Adverse",0.000228536618776331,25,3,2,TRUE,FALSE,FALSE
"safety_1","Sleep_Adverse",0.000214494624735738,25,4,0,TRUE,FALSE,FALSE
"safety_2","Sleep_Adverse",0.000197011171730874,25,2,0,TRUE,FALSE,FALSE
"safety_3","Sleep_Adverse",0.000182673223765439,2,0,0,FALSE,FALSE,FALSE
"safety_4","Sleep_Adverse",0.000174214924486008,3,0,0,FALSE,FALSE,FALSE
"adls_1","Sleep_Adverse",0.000162583603487223,25,6,1,TRUE,FALSE,FALSE
"adls_2","Sleep_Adverse",0.000151105542009499,25,5,1,TRUE,FALSE,FALSE
"dependence_1","Sleep_Adverse",0.00014237053312163,17,0,0,TRUE,FALSE,FALSE
"dependence_2","Sleep_Adverse",0.000127429153948862,25,17,0,TRUE,TRUE,FALSE
"dependence_3","Sleep_Adverse",0.000118147387031712,25,4,0,TRUE,FALSE,FALSE
"wdl_symptom_count","Sleep_Adverse",0.000106952295852434,25,25,25,TRUE,TRUE,TRUE
"motivation_1","Behavioural",9.55020782276399e-05,25,0,0,TRUE,FALSE,FALSE
"motivation_2","Behavioural",8.35777546089373e-05,25,2,0,TRUE,FALSE,FALSE
"motivation_3","Behavioural",7.63142232630076e-05,25,4,2,TRUE,FALSE,FALSE
"desires_1","Behavioural",6.62571236292048e-05,25,14,2,TRUE,TRUE,FALSE
"desires_2","Behavioural",5.5758226084345e-05,12,0,0,FALSE,FALSE,FALSE
"desires_3","Behavioural",4.61393030697119e-05,25,4,2,TRUE,FALSE,FALSE
"capability_1","Behavioural",3.89837942413904e-05,25,19,0,TRUE,TRUE,FALSE
"capability","Behavioural",3.37104433039728e-05,25,18,0,TRUE,TRUE,FALSE
"BFI_Extraversion","Personality",2.57200664034279e-05,25,2,1,TRUE,FALSE,FALSE
"BFI_Agreeableness","Personality",1.9732856074449e-05,0,0,0,FALSE,FALSE,FALSE
"BFI_Conscientiousness","Personality",1.15700489818301e-05,7,0,0,FALSE,FALSE,FALSE
"BFI_Neuroticism","Personality",4.65603879645703e-06,12,0,0,FALSE,FALSE,FALSE
"BFI_Openness","Personality",-9.32502949548155e-07,16,0,0,TRUE,FALSE,FALSE
"SURPS_Impulsivity","Personality",-7.4576666117628e-06,16,0,0,TRUE,FALSE,FALSE
"SURPS_Sensation_Seeking","Personality",-1.61385128610002e-05,15,0,0,TRUE,FALSE,FALSE
"SURPS_Hopelessness","Personality",-2.6276135046211e-05,13,0,0,TRUE,FALSE,FALSE
"SURPS_Anxiety_Sensitivity","Personality",-3.84942083105208e-05,10,0,0,FALSE,FALSE,FALSE
"DBAS_Consequences","Personality",-5.04192526693427e-05,6,0,0,FALSE,FALSE,FALSE
"DBAS_Worry_Helplessness","Personality",-5.82495596546172e-05,14,0,0,TRUE,FALSE,FALSE
"DBAS_Expectations","Personality",-7.28937193187613e-05,1,0,0,FALSE,FALSE,FALSE
"DBAS_Medications","Personality",-9.2505546396754e-05,25,20,0,TRUE,TRUE,FALSE
"CISS_Task","Personality",-0.000118577866096305,22,0,0,TRUE,FALSE,FALSE
"CISS_Emotion","Personality",-0.000162810275241877,6,0,0,FALSE,FALSE,FALSE
"CISS_Avoidance","Personality",-0.000227206644508062,0,0,0,FALSE,FALSE,FALSE
